﻿<?xml version="1.0" encoding="UTF-8" standalone="yes"?>
<addon id="plugin.video.onlinestream.hu" version="1.1.5" name="Online Stream" provider-name="aky01">
	<requires>
		<import addon="xbmc.python" version="2.25.0" />
	</requires>
	<extension point="xbmc.python.pluginsource" library="addon.py">
		<provides>video</provides>
	</extension>
	<extension point="xbmc.addon.metadata">
		<summary lang="en">Online Stream addon for Kodi</summary>
		<description lang="hu">A legtöbb magyar rádió és TV már KODI-n is!</description>
		<license>GNU GENERAL PUBLIC LICENSE. Version 3, 29 June 2007</license>
		<website>https://onlinestream.live/</website>
		<platform>all</platform>
		<language>hu</language>
		<forum></forum>
		<email></email>
		<assets>
			<icon>icon.png</icon>
			<fanart>fanart.jpg</fanart>
			<screenshot>resources/screenshots/screenshot-01.jpg</screenshot>
			<screenshot>resources/screenshots/screenshot-02.jpg</screenshot>
			<screenshot>resources/screenshots/screenshot-03.jpg</screenshot>
		</assets>
		<news>
- Bekapcsolható automatikus stream és felbontás választás</news>
	</extension>
</addon>
