<?xml version="1.0" encoding="UTF-8" standalone="yes"?>
<addon id="repository.onlinestream" version="1.0" name="Online Stream Repository" provider-name="aky01">
	<extension point="xbmc.addon.repository" name="Online Stream Repository">
        <info compressed="false">https://raw.githubusercontent.com/OStreamH/repository.onlinestream/master/addons.xml</info>
        <checksum>https://raw.githubusercontent.com/OStreamH/repository.onlinestream/master/addons.xml.md5</checksum>
        <datadir zip="true">https://raw.githubusercontent.com/OStreamH/repository.onlinestream/master</datadir>
	</extension>
	<extension point="xbmc.addon.metadata">
		<summary>Online Stream Repository</summary>
		<description ></description>
		<platform>all</platform>
	</extension>
</addon>
